,City,Lat,Lon,Max Temp,Humidity,Cloudiness,Wind Speed,Country,Date
0,Hermanus,-34.4187,19.2345,294.82,67,81,2.68,ZA,1615479549
1,Pavlohrad,48.5167,35.8667,268.15,63,0,6.0,UA,1615479551
2,Korāput,18.8167,82.7167,296.76,34,82,3.06,IN,1615479552
3,Punta Arenas,-53.15,-70.9167,282.15,61,75,11.32,CL,1615479554
4,Busselton,-33.65,115.3333,291.48,97,100,1.34,AU,1615479555
5,Airai,-8.9266,125.4092,289.11,96,52,0.34,TL,1615479557
6,Rørvik,64.8621,11.2373,275.15,60,75,7.72,NO,1615479558
7,Cosamaloapan,18.3667,-95.8,299.69,63,10,1.72,MX,1615479560
8,Jamestown,42.097,-79.2353,290.15,48,75,7.62,US,1615479332
9,Beringovskiy,63.05,179.3167,253.65,76,0,2.32,RU,1615479562
10,Rikitea,-23.1203,-134.9692,298.88,78,22,7.66,PF,1615479564
11,Souillac,-20.5167,57.5167,300.15,78,75,4.63,MU,1615479565
12,Yeppoon,-23.1333,150.7333,296.15,83,40,2.57,AU,1615479567
13,Port Elizabeth,-33.918,25.5701,290.15,100,90,5.14,ZA,1615479568
14,Khatanga,71.9667,102.5,247.39,94,100,8.74,RU,1615479570
15,Puerto Ayora,-0.7393,-90.3518,301.15,78,40,4.12,EC,1615479571
16,Marathon,44.9,-89.7668,275.93,75,90,10.8,US,1615479573
17,Butaritari,3.0707,172.7902,299.86,78,81,6.51,KI,1615479574
18,Thinadhoo,0.5333,72.9333,301.39,65,95,2.05,MV,1615479576
19,Nouadhibou,20.931,-17.0347,301.15,26,56,7.2,MR,1615479577
20,Springbok,-29.6643,17.8865,296.75,52,0,4.79,ZA,1615479579
21,Barrow,71.2906,-156.7887,249.15,70,1,5.14,US,1615479580
22,Sandwick,60.0,-1.25,280.15,76,20,14.4,GB,1615479582
23,Kamenka,51.3223,42.7678,254.89,93,3,2.77,RU,1615479583
24,Mizque,-17.941,-65.3402,296.93,43,0,2.46,BO,1615479513
25,Qui Nhon,13.7667,109.2333,296.4,87,1,3.25,VN,1615479586
26,Provideniya,64.3833,-173.3,251.29,72,0,2.28,RU,1615479587
27,Bluff,-46.6,168.3333,279.82,91,70,0.89,NZ,1615479589
28,Dingle,10.9995,122.6711,296.46,96,100,3.96,PH,1615479590
29,Acapulco de Juárez,16.8634,-99.8901,302.15,51,1,2.06,MX,1615479308
30,Hanzhong,33.0728,107.0303,285.22,72,2,0.5,CN,1615479593
31,Hithadhoo,-0.6,73.0833,301.17,68,45,2.84,MV,1615479594
32,Yellowknife,62.456,-114.3525,252.04,76,40,5.14,CA,1615479305
33,Porto-Novo,6.4965,2.6036,304.15,74,40,6.69,BJ,1615479355
34,Ilulissat,69.2167,-51.1,266.15,58,20,3.09,GL,1615479598
35,Tuktoyaktuk,69.4541,-133.0374,256.15,85,90,5.66,CA,1615479600
36,Mataura,-46.1927,168.8643,279.82,92,81,0.89,NZ,1615479604
37,Severo-Kuril'sk,50.6789,156.125,272.0,93,57,7.88,RU,1615479606
38,Olafsvik,64.8945,-23.7142,271.99,68,97,10.86,IS,1615479607
39,Marawi,7.9986,124.2928,297.59,93,99,1.79,PH,1615479609
40,Qaanaaq,77.484,-69.3632,257.62,61,0,1.74,GL,1615479610
41,Antofagasta,-23.65,-70.4,298.71,60,20,4.63,CL,1615479487
42,East London,-33.0153,27.9116,292.15,88,75,3.09,ZA,1615479613
43,Saskylakh,71.9167,114.0833,248.74,88,100,7.76,RU,1615479615
44,Vaini,-21.2,-175.2,297.15,78,40,3.6,TO,1615479616
45,Ostrovnoy,68.0531,39.5131,262.26,76,100,13.44,RU,1615479618
46,Korla,41.7597,86.1469,283.4,38,20,0.85,CN,1615479619
47,Chase,50.8165,-119.6857,272.04,74,7,1.03,CA,1615479621
48,Bredasdorp,-34.5322,20.0403,294.15,64,79,5.14,ZA,1615479622
49,Vila Franca do Campo,37.7167,-25.4333,286.15,94,75,7.2,PT,1615479624
50,Camopi,3.1655,-52.3158,297.02,97,100,1.41,GF,1615479625
51,Atar,20.5169,-13.0499,304.57,10,50,8.82,MR,1615479627
52,Oodweyne,9.4092,45.064,298.19,47,0,5.16,SO,1615479628
53,Akdepe,42.0551,59.3788,281.15,46,0,8.23,TM,1615479629
54,Sinegor'ye,62.0788,150.477,253.62,85,100,1.09,RU,1615479631
55,Avarua,-21.2078,-159.775,299.15,83,20,2.06,CK,1615479633
56,Kozhva,65.1073,57.0459,258.27,95,100,3.66,RU,1615479634
57,Albany,42.6001,-73.9662,285.37,59,64,3.13,US,1615479480
58,Atuona,-9.8,-139.0333,299.41,71,100,5.5,PF,1615479637
59,Ibirapitanga,-14.1642,-39.3736,307.46,33,24,2.38,BR,1615479638
60,Thompson,55.7435,-97.8558,253.15,59,1,4.12,CA,1615479640
61,Ushuaia,-54.8,-68.3,276.15,93,90,3.6,AR,1615479464
62,Tazovsky,67.4667,78.7,239.18,96,0,3.87,RU,1615479643
63,Hambantota,6.1241,81.1185,297.15,100,20,2.06,LK,1615479644
64,Taganak,6.0833,118.3,299.15,94,20,1.54,PH,1615479645
65,Charters Towers,-20.1,146.2667,295.3,88,13,3.37,AU,1615479647
66,Prymors'k,46.7348,36.3443,270.86,47,100,7.96,UA,1615479648
67,Cape Town,-33.9258,18.4232,295.37,56,20,3.09,ZA,1615479644
68,Halifax,44.6453,-63.5724,280.37,81,75,6.17,CA,1615479592
69,Ouallam,14.3188,2.0866,312.03,7,20,3.84,NE,1615479653
70,Ladário,-19.0047,-57.6017,306.15,52,20,3.09,BR,1615479654
71,Husavik,66.0449,-17.3389,275.15,87,90,5.66,IS,1615479655
72,Oistins,13.0667,-59.5333,302.15,58,75,11.32,BB,1615479491
73,Poum,-20.2333,164.0167,298.97,73,51,5.88,NC,1615479658
74,Mahébourg,-20.4081,57.7,300.15,78,75,4.63,MU,1615479660
75,Omboué,-1.5746,9.2618,299.96,85,100,2.61,GA,1615479661
76,Luján,-34.5703,-59.105,302.04,54,0,3.6,AR,1615479603
77,Kununurra,-15.7667,128.7333,298.15,100,75,2.06,AU,1615479664
78,Shenandoah,30.4013,-91.0009,298.71,68,7,2.24,US,1615479665
79,Gari,59.4307,62.3497,250.21,96,96,3.11,RU,1615479667
80,Zhigansk,66.7697,123.3711,246.14,94,38,3.0,RU,1615479668
81,Nikolskoye,59.7035,30.7861,268.15,53,0,6.0,RU,1615479669
82,Rocha,-34.4833,-54.3333,299.88,37,100,1.65,UY,1615479627
83,Bredy,52.4153,60.3411,254.55,86,97,5.55,RU,1615479672
84,Clyde River,70.4692,-68.5914,253.15,77,75,7.72,CA,1615479674
85,Chokurdakh,70.6333,147.9167,244.29,83,99,2.58,RU,1615479675
86,Santa Cruz de Tenerife,28.4682,-16.2546,293.71,88,75,6.17,ES,1615479677
87,Esim,4.8699,-2.2405,302.56,70,45,4.74,GH,1615479678
88,Hinton,53.4001,-117.5857,262.15,79,90,2.06,CA,1615479680
89,Hong Kong,22.2855,114.1577,293.71,83,24,3.58,HK,1615479483
90,Faanui,-16.4833,-151.75,300.87,76,37,5.77,PF,1615479682
91,Shenjiamen,29.9576,122.298,284.14,92,53,7.27,CN,1615479684
92,Yulara,-25.2406,130.9889,300.15,61,99,3.09,AU,1615479685
93,Port Alfred,-33.5906,26.891,292.59,86,66,3.13,ZA,1615479687
94,Mehamn,71.0357,27.8492,266.15,79,0,13.38,NO,1615479688
95,Esperance,-33.8667,121.9,292.15,88,40,3.6,AU,1615479690
96,Andra,62.5147,65.8878,246.34,97,78,1.59,RU,1615479691
97,Kiunga,-6.1219,141.2906,296.25,99,100,1.69,PG,1615479693
98,Itarema,-2.9248,-39.9167,303.84,64,87,6.01,BR,1615479694
99,Kanniyākumāri,8.0833,77.5667,300.74,70,0,3.24,IN,1615479696
100,Atasū,48.6814,71.6433,261.15,85,100,4.03,KZ,1615479697
101,Usogorsk,63.4106,48.6872,260.54,83,34,4.48,RU,1615479699
102,Rovaniemi,66.5,25.7167,263.15,79,90,7.2,FI,1615479700
103,Geraldton,-28.7667,114.6,295.15,88,4,3.6,AU,1615479702
104,Mukhen,48.1,136.1,266.17,93,1,3.27,RU,1615479703
105,Hobart,-42.8794,147.3294,289.15,82,90,2.06,AU,1615479552
106,The Village,35.5609,-97.5514,282.15,81,90,5.14,US,1615479706
107,Tambura,5.6,27.4667,306.88,24,84,2.61,SS,1615479707
108,Yangi Marg`ilon,40.4272,71.7189,281.15,71,75,4.12,UZ,1615479709
109,Dikson,73.5069,80.5464,247.74,93,100,10.25,RU,1615479710
110,São Paulo de Olivença,-3.3783,-68.8725,301.22,72,92,0.54,BR,1615479712
111,Arman',59.7,150.1667,255.33,85,100,1.62,RU,1615479713
112,Santa Vitória do Palmar,-33.5189,-53.3681,298.96,47,70,1.09,BR,1615479715
113,Arlit,18.7369,7.3853,312.23,5,0,3.6,NE,1615479716
114,Gouré,13.9835,10.2704,312.04,5,55,0.89,NE,1615479718
115,Kieta,-6.2167,155.6333,299.58,84,100,1.94,PG,1615479719
116,Tamiahua,21.2667,-97.45,297.03,80,40,3.41,MX,1615479721
117,New Norfolk,-42.7826,147.0587,289.15,82,90,2.06,AU,1615479722
118,Nakhon Thai,17.1006,100.8374,307.04,57,62,1.32,TH,1615479724
119,Castro,-24.7911,-50.0119,297.96,55,3,4.05,BR,1615479725
120,Tasiilaq,65.6145,-37.6368,267.15,63,75,0.91,GL,1615479727
121,Grand-Santi,4.25,-54.3833,300.77,88,40,2.01,GF,1615479728
122,Puerto Escondido,15.85,-97.0667,302.15,79,1,1.94,MX,1615479730
123,Cabo San Lucas,22.8909,-109.9124,296.48,43,40,2.06,MX,1615479731
124,Codrington,-38.2667,141.9667,285.99,90,32,1.13,AU,1615479733
125,Binzhou,37.3667,118.0167,281.48,72,0,2.17,CN,1615479734
126,San Patricio,28.017,-97.5169,297.04,78,90,9.77,US,1615479736
127,Sines Municipality,37.9562,-8.8698,288.71,79,70,2.68,PT,1615479737
128,Khilok,51.3674,110.4676,268.93,85,0,1.94,RU,1615479739
129,Ubari,26.5921,12.7805,298.78,28,100,10.86,LY,1615479740
130,General Roca,-39.0333,-67.5833,295.15,33,0,5.66,AR,1615479742
131,Upernavik,72.7868,-56.1549,259.1,82,94,1.79,GL,1615479743
132,Quatre Cocos,-20.2078,57.7625,300.37,78,75,4.63,MU,1615479744
133,Bokoro,12.3807,17.0568,313.94,5,100,1.94,TD,1615479746
134,Hamilton,39.1834,-84.5333,291.15,55,90,10.29,US,1615479605
135,Eidsvåg,62.7767,8.0668,279.15,42,40,5.14,NO,1615479749
136,Hilo,19.7297,-155.09,292.59,88,75,0.73,US,1615479605
137,Ust-Tsilma,65.441,52.1498,259.68,88,100,3.09,RU,1615479556
138,Takoradze,4.8845,-1.7554,302.29,73,93,5.86,GH,1615479753
139,Saint George,37.1041,-113.5841,280.37,65,1,1.54,US,1615479754
140,Saint-Augustin,51.226,-58.6502,274.73,99,98,4.09,CA,1615479756
141,Kahului,20.8947,-156.47,292.59,88,40,1.54,US,1615479686
142,Mocuba,-16.8392,36.9856,297.9,95,84,2.36,MZ,1615479758
143,Roebourne,-20.7833,117.1333,303.63,62,86,2.79,AU,1615479760
144,Howard Springs,-12.497,131.047,299.15,94,100,2.06,AU,1615479761
145,Saint-Philippe,-21.3585,55.7679,299.15,65,0,6.17,RE,1615479763
146,Port Macquarie,-31.4333,152.9167,293.15,94,68,3.09,AU,1615479764
147,Lüderitz,-26.6481,15.1594,295.31,75,0,7.97,NA,1615479766
148,Chumphon,10.3333,98.8333,294.39,96,2,1.01,TH,1615479767
149,Magadan,59.5667,150.8,255.02,87,100,1.73,RU,1615479769
150,Iqaluit,63.7506,-68.5145,248.15,64,40,2.06,CA,1615479770
151,Pokrovskoye,47.4157,38.8971,267.59,53,100,8.05,RU,1615479772
152,São Félix do Xingu,-6.6447,-51.995,300.16,74,100,1.7,BR,1615479773
153,Lengshuijiang,27.6881,111.4294,284.87,92,64,0.6,CN,1615479775
154,Kapaa,22.0752,-159.319,294.26,94,75,4.12,US,1615479776
155,Yaan,7.3833,8.5667,310.25,30,35,3.73,NG,1615479777
156,Narsaq,60.9167,-46.05,269.15,54,75,1.03,GL,1615479779
157,Chui,-33.6971,-53.4616,298.87,45,81,1.15,UY,1615479780
158,Wanaka,-44.7,169.15,283.78,89,60,0.24,NZ,1615479782
159,Hobyo,5.3505,48.5268,299.84,77,0,6.17,SO,1615479783
160,Mauá,-23.6678,-46.4614,303.71,54,29,2.68,BR,1615479678
161,Longyearbyen,78.2186,15.6401,264.15,67,40,5.66,SJ,1615479786
162,Ucluelet,48.9329,-125.5528,275.37,100,75,2.05,CA,1615479740
163,Tura,25.5198,90.2201,295.62,41,0,1.26,IN,1615479789
164,Bariloche,-41.1456,-71.3082,286.15,58,40,11.32,AR,1615479790
165,Ishigaki,24.3448,124.1572,295.14,81,4,5.21,JP,1615479792
166,Port Blair,11.6667,92.75,300.27,76,0,3.67,IN,1615479793
167,Caravelas,-17.7125,-39.2481,302.88,56,0,5.27,BR,1615479795
168,Bethel,41.3712,-73.414,289.15,44,1,5.14,US,1615479543
169,Saint Paul Harbor,57.79,-152.4072,265.15,45,1,16.46,US,1615479798
170,Jaru,-10.4389,-62.4664,299.66,82,100,1.45,BR,1615479799
171,Tete,-16.1564,33.5867,305.93,62,40,5.14,MZ,1615479800
172,Lompoc,34.6391,-120.4579,282.04,87,1,3.09,US,1615479802
173,Escárcega,18.6089,-90.7454,301.6,51,3,3.1,MX,1615479803
174,Road Town,18.4167,-64.6167,301.15,61,40,5.14,VG,1615479640
175,Santiago de Cali,3.4372,-76.5225,294.15,94,90,1.03,CO,1615479652
176,Arraial do Cabo,-22.9661,-42.0278,303.15,65,40,4.63,BR,1615479807
177,Roberval,48.5168,-72.2324,280.15,70,90,5.66,CA,1615479809
178,San Felipe,10.3399,-68.7425,300.2,67,79,3.52,VE,1615479810
179,Tangjiazhuang,39.7333,118.45,282.39,65,36,1.38,CN,1615479812
180,College,64.8569,-147.8028,255.37,60,90,8.75,US,1615479813
181,São João da Barra,-21.6403,-41.0511,303.15,62,40,2.06,BR,1615479807
182,George Town,5.4112,100.3354,300.93,74,20,1.03,MY,1615479816
183,Singkang,2.1006,102.7994,299.15,83,20,2.06,MY,1615479817
184,Tsaratanana,-16.7833,47.65,297.67,88,35,1.77,MG,1615479819
185,Kilimatinde,-5.85,34.95,295.67,67,1,1.11,TZ,1615479820
186,Gazli,40.1333,63.45,284.12,31,5,5.25,UZ,1615479822
187,Ribeira Grande,38.5167,-28.7,290.15,72,75,2.57,PT,1615479823
188,Lavrentiya,65.5833,-171.0,247.36,69,0,2.89,RU,1615479825
189,Buala,-8.145,159.5921,299.07,84,92,2.94,SB,1615479826
190,Kalach-na-Donu,48.691,43.5264,260.93,66,0,3.0,RU,1615479828
191,Mulegé,26.8833,-111.9833,289.77,46,100,4.15,MX,1615479830
192,Terme,41.2092,36.9739,278.15,87,75,5.14,TR,1615479831
193,Sicuani,-14.2694,-71.2261,287.35,45,11,2.02,PE,1615479833
194,Nzega,-2.479,29.5564,290.22,80,86,0.72,RW,1615479834
195,Araranguá,-28.9347,-49.4858,297.59,55,0,3.98,BR,1615479727
196,Waingapu,-9.6567,120.2641,298.68,84,92,2.39,ID,1615479837
197,San,13.3034,-4.8956,311.08,9,0,5.22,ML,1615479838
198,Biłgoraj,50.5411,22.722,277.04,58,100,2.68,PL,1615479840
199,Bowen,-20.0167,148.2333,296.15,88,40,2.06,AU,1615479841
200,Alofi,-19.0595,-169.9187,292.15,100,98,1.56,NU,1615479843
201,Paita,-5.0892,-81.1144,302.15,70,0,4.63,PE,1615479844
202,Lafiagi,8.8667,5.4167,313.43,20,100,2.97,NG,1615479846
203,Bambous Virieux,-20.3428,57.7575,300.15,78,75,4.63,MU,1615479847
204,Kavieng,-2.5744,150.7967,300.77,68,100,2.69,PG,1615479849
205,Paamiut,61.994,-49.6678,266.68,75,100,5.89,GL,1615479850
206,Fort Nelson,58.8053,-122.7002,262.15,57,75,2.06,CA,1615479851
207,Necochea,-38.5473,-58.7368,294.26,48,98,2.24,AR,1615479853
208,Cururupu,-1.8283,-44.8683,305.16,51,100,2.8,BR,1615479855
209,Magistral'nyy,56.1725,107.4458,271.53,88,100,3.0,RU,1615479856
210,Horgeşti,46.4333,27.0667,274.26,60,0,5.66,RO,1615479858
211,Presidencia Roque Sáenz Peña,-26.7852,-60.4388,307.04,30,2,1.79,AR,1615479859
212,Cockburn Town,21.4612,-71.1419,296.15,83,75,7.72,TC,1615479861
213,Wonthaggi,-38.6044,145.5913,290.93,94,85,0.57,AU,1615479862
214,Saldanha,-33.0117,17.9442,295.15,43,100,4.12,ZA,1615479864
215,Kapuskasing,49.4169,-82.4331,269.15,86,100,1.03,CA,1615479865
216,Bonfim,3.0833,-59.95,305.15,55,40,6.17,BR,1615479866
217,Lakselv,70.0513,24.9718,267.15,68,20,17.49,NO,1615479868
218,Palauig,15.435,119.9045,298.8,73,15,2.49,PH,1615479869
219,Porbandar,21.6422,69.6093,297.15,78,0,4.12,IN,1615479846
220,Touros,-5.1989,-35.4608,304.15,55,20,9.26,BR,1615479872
221,Discovery Bay,37.9085,-121.6002,279.26,93,90,3.6,US,1615479873
222,Asău,46.4333,26.4,273.71,49,66,1.58,RO,1615479875
223,Torbay,47.6666,-52.7314,276.48,55,90,14.4,CA,1615479877
224,Cidreira,-30.1811,-50.2056,298.15,59,49,3.18,BR,1615479878
225,Cherskiy,68.75,161.3,246.99,81,11,3.66,RU,1615479880
226,Dawlatabad,36.4141,64.9053,285.06,68,31,4.0,AF,1615479881
227,Antakya,36.2066,36.1572,290.15,63,75,11.32,TR,1615479741
228,Anloga,5.7947,0.8973,304.15,70,20,5.66,GH,1615479884
229,Gamba,-2.65,10.0,301.16,78,100,4.03,GA,1615479885
230,Huilong,31.8111,121.655,284.82,88,97,1.79,CN,1615479887
231,Losinyy,57.1386,61.0666,256.15,55,20,4.0,RU,1615479888
232,Khovd,48.0056,91.6419,272.35,33,100,1.62,MN,1615479890
233,Port Moresby,-9.4431,147.1797,298.15,94,40,3.55,PG,1615479891
234,Okhotsk,59.3833,143.3,254.33,90,100,3.34,RU,1615479893
235,Trivandrum,8.4833,76.9167,301.15,74,40,2.06,IN,1615479894
236,Vila,42.0304,-8.1588,284.26,95,100,3.13,PT,1615479896
237,Vikulovo,56.8167,70.6107,258.18,96,88,2.65,RU,1615479897
238,Tiksi,71.6872,128.8694,250.67,87,100,9.64,RU,1615479899
239,Bontang,0.1333,117.5,300.02,79,96,2.75,ID,1615479900
240,Chortomlyk,47.6232,34.142,271.63,58,33,4.36,UA,1615479902
241,Qinzhou,21.95,108.6167,295.62,85,14,2.59,CN,1615479903
242,Velasco Ibarra,-1.05,-79.6167,297.72,88,100,1.36,EC,1615479905
243,Namatanai,-3.6667,152.4333,299.2,77,72,1.3,PG,1615479906
244,São Filipe,14.8961,-24.4956,294.95,68,99,4.02,CV,1615479908
245,Wiang Sa,8.6359,99.3666,299.15,83,20,0.51,TH,1615479909
246,Naze,28.3667,129.4833,290.8,79,73,9.03,JP,1615479911
247,Padang,-0.9492,100.3543,298.15,94,40,1.03,ID,1615479912
248,São José dos Pinhais,-25.5347,-49.2064,302.04,47,40,5.66,BR,1615479914
249,Kenai,60.5544,-151.2583,265.15,67,90,3.09,US,1615479915
250,Lagoa Santa,-19.6272,-43.8897,300.15,65,40,1.54,BR,1615479917
251,Verkhnyaya Inta,65.9811,60.3094,257.71,94,100,8.48,RU,1615479918
252,Humberto de Campos,-2.5983,-43.4611,303.33,71,99,2.45,BR,1615479920
253,Virginia Beach,36.8529,-75.978,295.15,28,75,6.69,US,1615479890
254,Los Llanos de Aridane,28.6585,-17.9182,294.15,60,20,4.63,ES,1615479922
255,Sillamäe,59.3997,27.7547,269.88,81,71,6.08,EE,1615479924
256,Jinxiang,27.4327,120.6062,287.23,89,2,1.72,CN,1615479926
257,Xiongyue,40.1774,122.1228,277.56,79,100,0.78,CN,1615479927
258,Yumen,40.2833,97.2,280.91,22,99,3.92,CN,1615479929
259,Bhikangaon,21.8667,75.95,302.4,16,13,1.1,IN,1615479930
260,Belmonte,-15.8631,-38.8828,303.15,66,20,1.03,BR,1615479932
261,Starkville,33.4504,-88.8184,294.26,60,1,4.63,US,1615479933
262,Mombaça,-5.7431,-39.6275,307.33,40,66,3.42,BR,1615479935
263,Hualmay,-11.0964,-77.6139,298.77,66,13,4.36,PE,1615479936
264,Chala,-7.5833,31.2667,297.15,50,20,2.06,TZ,1615479938
265,Ancud,-41.8697,-73.8203,291.48,77,75,5.66,CL,1615479939
266,Adeje,28.1227,-16.726,295.15,53,20,10.29,ES,1615479941
267,Solnechnyy,50.7214,136.6319,264.17,88,30,2.2,RU,1615479942
268,Heilbron,-27.2812,27.9709,298.09,22,0,1.32,ZA,1615479944
269,Lagoa,39.05,-27.9833,286.22,67,47,5.38,PT,1615479945
270,Mar del Plata,-38.0023,-57.5575,297.15,73,40,5.66,AR,1615479947
271,Haines Junction,60.7522,-137.5108,268.15,68,59,2.06,CA,1615479948
272,Wau,7.7029,27.9953,308.46,21,79,1.62,SS,1615479727
273,Hirara,24.8,125.2833,294.91,80,0,5.29,JP,1615479951
274,Quang Ngai,15.1167,108.8,294.67,93,4,1.53,VN,1615479953
275,Morondava,-20.2833,44.2833,300.6,68,0,4.61,MG,1615479954
276,Marzuq,14.4,46.4667,293.68,43,0,4.2,YE,1615479955
277,North Platte,41.1239,-100.7654,276.15,70,1,4.12,US,1615479682
278,Vestmannaeyjar,63.4427,-20.2734,276.15,70,0,10.29,IS,1615479958
279,Tocopilla,-22.092,-70.1979,296.45,71,3,2.27,CL,1615479960
280,Katsuura,35.1333,140.3,285.37,82,75,2.57,JP,1615479961
281,Honiara,-9.4333,159.95,297.69,93,100,1.33,SB,1615479903
282,Pimentel,-6.8367,-79.9342,303.15,54,0,2.57,PE,1615479964
283,Bam,29.106,58.357,292.56,18,0,1.65,IR,1615479966
284,Yankton,42.8711,-97.3973,276.15,81,1,6.17,US,1615479967
285,Alyangula,-13.8483,136.4192,297.15,100,57,3.5,AU,1615479969
286,Klaksvík,62.2266,-6.589,278.15,87,40,3.6,FO,1615479970
287,Pangai,-19.8,-174.35,298.9,63,0,4.37,TO,1615479971
288,Coxim,-18.5067,-54.76,303.99,58,100,1.93,BR,1615479973
289,Lewiston,44.1003,-70.2148,283.15,61,75,3.09,US,1615479974
290,Rāvar,31.2656,56.8055,290.8,23,9,0.77,IR,1615479976
291,Agüimes,27.9054,-15.4461,294.15,49,0,3.09,ES,1615479977
292,Carnarvon,-24.8667,113.6333,299.15,78,1,7.72,AU,1615479979
293,Batagay-Alyta,67.8006,130.4114,245.89,72,100,2.64,RU,1615479980
294,Araouane,18.9048,-3.5265,302.6,13,0,8.45,ML,1615479982
295,Maceió,-9.6658,-35.7353,304.15,55,40,5.14,BR,1615479933
296,Bubaque,11.2833,-15.8333,301.06,48,57,3.87,GW,1615479985
297,Tuatapere,-46.1333,167.6833,279.82,92,72,0.89,NZ,1615479986
298,Lebu,-37.6167,-73.65,289.93,61,13,6.52,CL,1615479988
299,Yelizovo,53.1873,158.3805,270.15,100,40,2.0,RU,1615479989
300,Kuril'sk,45.2333,147.8833,269.15,93,50,3.82,RU,1615479991
301,Nokaneng,-19.6667,22.2667,300.55,47,49,0.61,BW,1615479992
302,Nome,64.5011,-165.4064,242.15,76,1,1.58,US,1615479994
303,Aswān,24.0934,32.907,306.09,10,0,4.52,EG,1615479843
304,San Quintín,30.4833,-115.95,286.36,60,58,1.35,MX,1615479996
305,Watrous,51.6668,-105.4679,259.15,72,0,1.54,CA,1615479998
306,Ardahan,41.1087,42.7022,270.64,96,100,1.27,TR,1615479999
307,Chkalovsk,56.7647,43.2433,265.15,53,0,4.0,RU,1615480001
308,Ahipara,-35.1667,173.1667,288.33,88,2,2.21,NZ,1615480002
309,Aklavik,68.2191,-135.0107,256.15,85,90,12.86,CA,1615480004
310,Carahue,-38.7,-73.1667,290.15,67,20,3.09,CL,1615480005
311,Pisco,-13.7,-76.2167,298.71,88,40,4.63,PE,1615480006
312,Avera,33.194,-82.5271,294.26,49,40,5.14,US,1615480008
313,Bengkulu,-3.8004,102.2655,298.17,87,84,1.19,ID,1615480009
314,Biak,-0.9131,122.8766,298.3,79,64,1.41,ID,1615480011
315,Luancheng,37.8792,114.6517,280.15,87,5,2.0,CN,1615480012
316,Mabaruma,8.2,-59.7833,300.15,83,75,3.09,GY,1615480014
317,Novomichurinsk,54.0384,39.7479,256.09,90,0,2.31,RU,1615479734
318,Aktas,49.7789,72.9608,264.15,79,75,10.0,KZ,1615480016
319,Arroyo de la Encomienda,41.6096,-4.7969,288.15,62,40,8.75,ES,1615480018
320,Picayune,30.5255,-89.6795,297.04,74,0,4.46,US,1615480020
321,Boende,-0.2167,20.8667,306.15,50,63,0.92,CD,1615480021
322,Mojo,8.6,39.1167,295.15,33,40,5.14,ET,1615480023
323,Konya Province,38.1667,32.5,276.15,81,75,11.83,TR,1615480024
324,Amahai,-3.3333,128.9167,300.01,80,97,0.82,ID,1615480026
325,Luganville,-15.5333,167.1667,298.89,85,85,3.52,VU,1615480027
326,Novyy Urgal,51.0736,132.5642,259.18,86,0,0.19,RU,1615480029
327,Wagar,16.1525,36.2032,308.06,18,0,6.44,SD,1615480030
328,Juba,4.8517,31.5825,308.22,22,73,1.34,SS,1615480032
329,Sitka,57.0531,-135.33,274.15,86,90,1.54,US,1615480033
330,Margate,51.3813,1.3862,280.93,71,84,4.47,GB,1615480035
331,Sinnamary,5.3833,-52.95,299.29,87,92,6.1,GF,1615480036
332,Deputatsky,69.3,139.9,249.82,97,100,1.55,RU,1615480038
333,Changli,39.7042,119.1506,279.86,77,0,1.17,CN,1615480039
334,Blagoyevo,63.3667,47.9167,259.58,85,25,3.35,RU,1615480041
335,Gönen,40.1049,27.654,280.37,65,75,12.35,TR,1615480042
336,Turbat,26.0023,63.044,295.13,60,0,1.99,PK,1615480043
337,Jumla,29.2747,82.1838,279.15,71,55,1.46,NP,1615480045
338,Richards Bay,-28.783,32.0377,298.56,81,65,6.24,ZA,1615480046
339,Boa Vista,2.8197,-60.6733,306.15,43,75,5.66,BR,1615480048
340,Plettenberg Bay,-34.0527,23.3716,292.41,79,47,6.2,ZA,1615479875
341,Leningradskiy,69.3833,178.4167,248.08,63,26,2.69,RU,1615480051
342,Camacha,33.0833,-16.3333,289.15,77,75,5.14,PT,1615480052
343,Birin,26.8865,88.0718,287.76,40,3,2.48,NP,1615480053
344,Mount Gambier,-37.8333,140.7667,284.15,100,90,1.71,AU,1615480055
345,Maragogi,-9.0122,-35.2225,302.78,64,91,5.04,BR,1615480057
346,Chipinge,-20.1883,32.6236,294.57,88,10,2.76,ZW,1615480058
347,Huaicheng,23.9051,112.1931,293.13,89,21,1.02,CN,1615480059
348,Manggar,-2.8833,108.2667,299.05,79,94,2.21,ID,1615480061
349,Severodvinsk,64.5635,39.8302,263.15,62,20,2.0,RU,1615480062
350,San Fernando del Valle de Catamarca,-28.4696,-65.7852,303.71,63,83,1.34,AR,1615480064
351,Gravdal,68.1214,13.5031,275.15,55,75,9.77,NO,1615480065
352,Maní,4.8172,-72.2886,306.21,31,74,5.68,CO,1615480067
353,Beloha,-25.1667,45.05,299.86,63,84,3.55,MG,1615480068
354,Fortuna,40.5982,-124.1573,278.71,100,1,4.12,US,1615480070
355,Impfondo,1.6381,18.0667,306.75,41,74,0.06,CG,1615480071
356,Chara,56.9064,118.2631,261.95,62,65,0.46,RU,1615480073
357,La Ronge,55.1001,-105.2842,257.15,66,100,2.06,CA,1615480074
358,Bonavista,48.6499,-53.1147,276.48,69,100,7.2,CA,1615480076
359,Karasjok,69.4719,25.5112,267.15,68,20,17.49,NO,1615480077
360,Arrondissement du Havre,49.5833,0.3333,281.48,81,75,8.23,FR,1615480079
361,Haimen,23.1935,116.6142,290.15,88,0,1.69,CN,1615480080
362,Mitú,1.1983,-70.1733,297.81,94,100,1.59,CO,1615480081
363,Gumdag,39.2061,54.5906,286.07,52,100,3.88,TM,1615480083
364,Manono,-7.3,27.4167,299.65,76,74,0.41,CD,1615480084
365,Garoowe,8.4054,48.4845,298.75,46,0,9.95,SO,1615480086
366,São Sebastião,-23.76,-45.4097,300.73,76,1,2.03,BR,1615480087
367,Petropavlovsk-Kamchatskiy,53.0452,158.6483,270.15,100,40,2.0,RU,1615480089
368,Fuerte Olimpo,-21.0415,-57.8738,308.39,33,35,3.05,PY,1615480090
369,Vanavara,60.34,102.2797,271.31,90,100,7.77,RU,1615480092
370,Rio Grande,-32.035,-52.0986,300.37,57,75,3.09,BR,1615479828
371,Norman Wells,65.282,-126.8329,259.15,85,90,3.09,CA,1615480094
372,Almeirim,-1.5233,-52.5817,302.72,66,90,1.28,BR,1615480096
373,Villiers,-27.0303,28.6006,298.63,18,0,2.33,ZA,1615480097
374,Ponta do Sol,32.6667,-17.1,292.15,59,40,4.63,PT,1615480099
375,Sur,22.5667,59.5289,298.43,41,1,2.54,OM,1615480101
376,Verkhnevilyuysk,63.4453,120.3167,256.93,97,99,1.18,RU,1615480102
377,Marabu,4.4148,114.0089,299.15,94,40,2.95,MY,1615480103
378,Gamboula,4.1178,15.1393,301.9,51,64,2.62,CF,1615480105
379,Aquiraz,-3.9014,-38.3911,304.15,70,75,5.66,BR,1615480106
380,Bonthe,7.5264,-12.505,303.04,64,29,5.26,SL,1615480108
381,Port Hedland,-20.3167,118.5667,302.15,84,30,3.09,AU,1615480109
382,Ferrol,43.4832,-8.2369,288.15,67,40,4.63,ES,1615480111
383,Innisfail,-17.5333,146.0333,296.51,91,25,1.71,AU,1615479951
384,Havelock,34.8791,-76.9013,294.26,52,20,5.66,US,1615479897
385,Anan,33.9167,134.65,281.15,76,75,0.51,JP,1615480115
386,‘Āhuimanu,21.4447,-157.8378,294.15,100,90,0.77,US,1615480116
387,Paragominas,-2.9667,-47.4833,304.14,63,100,0.97,BR,1615480118
388,Skellefteå,64.7507,20.9528,268.15,80,90,6.17,SE,1615480119
389,Cabedelo,-6.9811,-34.8339,304.15,62,40,6.69,BR,1615479846
390,Port Augusta,-32.5,137.7667,290.15,94,0,1.03,AU,1615480122
391,Half Moon Bay,37.4636,-122.4286,281.15,76,75,2.06,US,1615480124
392,Cervo,43.6702,-7.4101,287.04,72,69,3.13,ES,1615480125
393,Del Rio,29.3627,-100.8968,294.15,73,90,5.14,US,1615480127
394,Parksville,49.3163,-124.3195,279.15,68,28,4.63,CA,1615480128
395,Kailua,21.4022,-157.7394,294.15,100,90,1.03,US,1615480129
396,Hofn,64.2539,-15.2082,277.15,75,90,5.66,IS,1615480131
397,Krasnaya Gora,52.9995,31.6023,271.15,59,0,5.0,RU,1615480132
398,Port-Gentil,-0.7193,8.7815,303.15,79,40,6.11,GA,1615480134
399,Kushiro,42.975,144.3747,272.65,84,0,1.11,JP,1615480135
400,Umluj,25.0213,37.2685,299.44,52,0,2.56,SA,1615480137
401,Marsh Harbour,26.5412,-77.0636,294.91,63,3,8.75,BS,1615480138
402,Zyryanka,65.75,150.85,251.19,84,5,1.12,RU,1615480140
403,Bilibino,68.0546,166.4372,243.37,78,67,1.18,RU,1615480141
404,Virginia,37.5481,-77.4467,295.15,30,20,6.69,US,1615480143
405,San Javier,37.8063,-0.8374,292.59,68,0,8.23,ES,1615480144
406,Nizhniy Kuranakh,58.8353,125.4869,261.94,92,100,1.98,RU,1615480146
407,Rietavas,55.7194,21.9311,273.15,74,90,9.77,LT,1615480147
408,Tessalit,20.1986,1.0114,303.46,5,8,6.34,ML,1615480149
409,Taoudenni,22.6783,-3.9836,301.29,17,1,9.56,ML,1615480150
410,Salalah,17.0151,54.0924,300.15,57,0,2.06,OM,1615480080
411,Santa Rosa,14.3122,121.1114,300.15,69,20,1.03,PH,1615480153
412,Anadyr,64.75,177.4833,240.15,75,0,1.0,RU,1615480154
413,Dicabisagan,17.0818,122.4157,296.83,85,92,3.01,PH,1615480156
414,Ola,59.5833,151.2833,254.25,89,100,2.51,RU,1615480157
415,San Policarpo,12.1791,125.5072,297.99,94,100,7.31,PH,1615480159
416,Oktyabr'skiy,54.4815,53.471,255.83,94,100,3.66,RU,1615480160
417,Cefalù,38.0386,14.0229,287.04,56,0,2.24,IT,1615480162
418,Guerrero Negro,27.9769,-114.0611,287.98,58,83,6.44,MX,1615480163
419,Goderich,43.7501,-81.7165,288.15,58,100,11.83,CA,1615480165
420,Senovo,46.0236,15.4769,285.15,43,0,6.17,SI,1615480166
421,Inírida,3.8653,-67.9239,299.84,83,99,1.91,CO,1615480168
422,Mitchell,43.7094,-98.0298,273.15,80,1,4.63,US,1615480169
423,Siderno,38.2779,16.302,287.15,38,0,7.72,IT,1615480171
424,Bima,-8.4667,118.7167,297.81,90,100,1.02,ID,1615480172
425,Pontianak,-0.0333,109.3333,298.15,94,40,1.54,ID,1615479988
426,Pevek,69.7008,170.3133,246.61,73,60,7.34,RU,1615480175
427,Acaraú,-2.8856,-40.12,303.28,66,92,5.55,BR,1615480176
428,Kaitangata,-46.2817,169.8464,280.25,93,62,2.22,NZ,1615480178
429,Renfrew,55.872,-4.3925,280.15,70,20,7.72,GB,1615480179
430,Glazunovka,52.4986,36.3275,255.03,87,0,3.35,RU,1615480181
431,Hasaki,35.7333,140.8333,283.15,81,75,1.54,JP,1615480182
432,Kalmunai,7.4167,81.8167,299.89,80,80,3.87,LK,1615480184
433,Nacala,-14.5428,40.6728,298.91,90,81,3.18,MZ,1615480185
434,Celestún,20.8667,-90.4,300.15,64,0,4.95,MX,1615480187
435,Ugoofaaru,5.6667,73.0,301.46,70,81,2.74,MV,1615480188
436,Amapá,1.0,-52.0,297.59,94,100,2.25,BR,1615480190
437,Mvomero,-6.25,38.6667,303.15,66,20,6.17,TZ,1615480191
438,Marsaxlokk,35.8419,14.5431,288.15,51,20,5.14,MT,1615480193
439,Liwale,-9.7667,37.9333,296.24,94,98,0.85,TZ,1615480194
440,Malé,4.1748,73.5089,298.15,88,75,3.09,MV,1615480146
441,Hereford,52.0568,-2.7148,280.93,85,76,8.96,GB,1615480197
442,Ust-Nera,64.5667,143.2,249.42,97,88,2.93,RU,1615480198
443,Doha,25.2867,51.5333,300.15,44,0,1.54,QA,1615480039
444,Jiwani,25.05,61.7417,296.75,73,0,4.63,PK,1615480201
445,Nizhnyaya Maktama,54.8636,52.4281,257.52,96,100,2.98,RU,1615480203
446,Kavaratti,10.5669,72.642,301.87,66,63,2.38,IN,1615480204
447,Atambua,-9.1061,124.8925,296.22,89,78,0.82,ID,1615480206
448,San Rafael,-34.6177,-68.3301,296.91,31,89,3.89,AR,1615480207
449,Rognan,67.0953,15.3878,273.71,70,99,4.47,NO,1615480209
450,Samarai,-10.6167,150.6667,301.29,73,47,1.98,PG,1615480210
451,Qaqortoq,60.7167,-46.0333,269.15,54,75,1.03,GL,1615480212
452,Porto Belo,-27.1578,-48.5531,303.15,65,20,4.63,BR,1615480213
453,Hastings,50.8552,0.5729,282.04,60,93,3.58,GB,1615480215
454,Pinega,64.7001,43.3936,260.36,78,48,4.62,RU,1615480216
455,Kholtoson,50.2981,103.3097,267.84,69,0,1.67,RU,1615480218
456,Bambanglipuro,-7.95,110.2833,298.01,88,99,1.72,ID,1615480219
457,Palekastro,35.2,26.25,284.82,67,18,16.2,GR,1615480221
458,Tilichiki,60.4667,166.1,261.29,94,100,3.98,RU,1615480222
459,Fairbanks,64.8378,-147.7164,255.37,65,90,8.23,US,1615479944
460,Nishihara,26.1842,127.7558,294.15,73,20,5.14,JP,1615480225
461,Vanimo,-2.6741,141.3028,299.05,88,100,2.63,PG,1615480226
462,Pitimbu,-7.4706,-34.8086,304.15,62,40,6.69,BR,1615480228
463,Oussouye,12.485,-16.5469,309.15,51,0,3.09,SN,1615480229
464,Litovko,49.2361,135.1742,264.43,80,1,2.76,RU,1615480231
465,Viedma,-40.8135,-62.9967,296.44,19,73,4.99,AR,1615480232
466,Kolondiéba,11.0882,-6.8926,311.41,10,0,3.07,ML,1615480233
467,Batemans Bay,-35.7167,150.1833,293.15,92,75,0.45,AU,1615480235
468,Mogzon,51.7435,111.9606,263.76,82,0,0.59,RU,1615480236
469,Nanortalik,60.1432,-45.2371,267.77,71,59,5.67,GL,1615480238
470,Ankazoabo,-22.2833,44.5167,296.64,81,27,2.24,MG,1615480239
471,Vologda,59.2187,39.8886,258.78,95,58,2.95,RU,1615479980
472,Movileni,44.3667,24.65,274.82,86,40,2.06,RO,1615480242
473,Vao,-22.6667,167.4833,297.59,73,8,7.82,NC,1615480243
474,Alice Springs,-23.7,133.8833,297.15,88,100,1.03,AU,1615480245
475,Talnakh,69.4865,88.3972,239.16,95,57,2.62,RU,1615480246
476,Yangambi,0.8102,24.4336,300.93,59,70,0.99,CD,1615480248
477,Vardø,70.3705,31.1107,264.15,86,20,3.6,NO,1615480249
478,Kurchum,48.5722,83.6542,268.48,94,74,0.9,KZ,1615480251
479,Bosaso,11.2842,49.1816,298.97,74,0,1.54,SO,1615480252
480,Jieshi,22.8134,115.8257,294.26,82,10,2.65,CN,1615480254
481,Sauce,-34.6469,-56.0628,302.15,44,0,3.6,UY,1615480255
482,Bandarbeyla,9.4942,50.8122,298.86,73,0,4.84,SO,1615480257
483,Constitución,-35.3333,-72.4167,293.77,56,0,6.83,CL,1615480259
484,Sault Ste. Marie,46.5168,-84.3333,277.15,70,90,11.32,CA,1615480102
485,Nur-Sultan,51.1801,71.446,259.15,78,40,10.0,KZ,1615480261
486,Tautira,-17.7333,-149.15,299.15,83,75,1.54,PF,1615480263
487,Chake Chake,-5.2459,39.7666,299.18,79,0,6.65,TZ,1615480264
488,Pierre,44.3683,-100.351,277.59,80,1,2.57,US,1615479974
489,Walvis Bay,-22.9575,14.5053,301.15,47,0,5.66,NA,1615480267
490,Tabuk,17.4189,121.4443,293.95,92,34,0.85,PH,1615480269
491,Suntar,62.1444,117.6319,261.13,94,100,2.4,RU,1615480270
492,Pak Phanang,8.3511,100.202,299.48,77,38,2.51,TH,1615480272
493,Blackwater,-23.5833,148.8833,295.05,82,8,3.66,AU,1615480273
494,Oskarshamn,57.2645,16.4484,273.71,94,100,4.02,SE,1615480275
495,Tucupita,9.0622,-62.051,301.64,70,23,3.4,VE,1615480276
496,Peleduy,59.6289,112.7406,272.98,96,100,7.02,RU,1615480278
497,Omsukchan,62.5333,155.8,247.74,80,55,0.6,RU,1615480279
498,Tiarei,-17.5333,-149.3333,299.15,83,75,1.54,PF,1615480281
499,Chamba,32.5667,76.1333,288.71,40,95,4.36,IN,1615480283
500,Udachny,66.4167,112.4,245.29,89,46,2.01,RU,1615480284
501,Gizo Government Station,-8.103,156.8419,300.43,77,98,1.95,SB,1615480285
502,Kumul,42.8,93.45,284.3,24,21,2.12,CN,1615480287
503,Watertown,42.3709,-71.1828,287.04,62,1,5.66,US,1615480280
504,Ilo,-17.6394,-71.3375,298.15,61,0,5.14,PE,1615480290
505,Moose Factory,51.2585,-80.6094,264.15,86,90,5.66,CA,1615480291
506,São Raimundo Nonato,-9.0153,-42.6994,304.38,51,45,2.58,BR,1615480293
507,Emerald,-23.5333,148.1667,296.15,88,15,4.12,AU,1615480294
508,Leh,34.1667,77.5833,272.1,50,75,2.55,IN,1615480088
509,Sorong,-0.8833,131.25,297.99,90,100,2.0,ID,1615480297
510,Mongo,12.1844,18.693,306.61,6,60,3.11,TD,1615480299
511,Katherine,-14.4667,132.2667,298.15,94,75,1.54,AU,1615480300
512,Shingū,33.7333,135.9833,283.49,81,97,2.25,JP,1615480302
513,Várzea Grande,-15.6467,-56.1325,304.15,58,40,6.17,BR,1615480303
514,Tigil',57.8,158.6667,266.58,84,100,3.98,RU,1615480305
515,Kaeo,-35.1,173.7833,287.04,92,14,1.63,NZ,1615480306
516,Morros,-9.4467,-46.3003,303.92,54,48,0.99,BR,1615480308
517,Isangel,-19.55,169.2667,296.15,94,20,5.19,VU,1615480309
518,Kidderminster,52.3882,-2.25,282.04,85,84,0.89,GB,1615480311
519,Beira,-19.8436,34.8389,302.04,83,20,5.66,MZ,1615480312
520,Colares,38.7992,-9.4469,289.26,63,75,4.12,PT,1615480314
521,Port Keats,-14.25,129.55,298.11,81,100,1.96,AU,1615480315
522,Sambava,-14.2667,50.1667,299.35,85,6,3.13,MG,1615480316
523,Muros,42.7762,-9.0603,288.15,64,100,2.68,ES,1615480318
524,Orlik,52.5178,99.825,262.59,58,100,0.76,RU,1615480319
525,Mogoytuy,51.2833,114.9167,262.83,92,0,1.66,RU,1615480321
526,Chapais,49.7834,-74.8492,277.15,93,90,5.14,CA,1615480323
527,Alvdal,62.1077,10.6307,270.15,80,75,4.12,NO,1615480324
528,Aleksandrov Gay,50.147,48.5704,255.18,89,0,2.84,RU,1615480326
529,Faya,18.3851,42.4509,293.15,77,0,5.14,SA,1615480327
530,Ternate,0.8,127.4,300.39,81,24,2.63,ID,1615480328
531,Bull Savanna,17.8868,-77.5902,300.17,61,0,4.5,JM,1615480330
532,West Des Moines,41.572,-93.7453,278.71,70,75,7.72,US,1615480216
533,Saint-Pierre,-21.3393,55.4781,299.15,65,0,6.17,RE,1615480333
534,Spirit River,55.7833,-118.8361,265.93,56,89,2.06,CA,1615480334
535,Mahanje,-9.9333,35.3333,293.02,92,15,1.73,TZ,1615480336
536,Trairi,-3.2778,-39.2689,302.85,71,100,5.58,BR,1615480193
537,Mogadishu,2.0371,45.3438,299.4,82,17,9.12,SO,1615480338
538,Oriximiná,-1.7656,-55.8661,301.95,71,86,1.89,BR,1615480340
539,Dixon,38.4455,-121.8233,281.48,87,1,5.14,US,1615480297
540,Miami Beach,25.7906,-80.1301,299.15,53,75,10.8,US,1615480281
541,Lima,-12.0432,-77.0282,298.71,69,3,3.6,PE,1615480328
542,Ust-Kuyga,70.0167,135.6,248.68,83,100,2.26,RU,1615480345
543,Phek,25.6667,94.5,282.1,59,4,0.44,IN,1615480347
544,Songjianghe,42.1859,127.479,275.1,85,100,0.96,CN,1615480348
545,Zhezkazgan,47.8043,67.7144,261.7,84,99,2.85,KZ,1615480349
546,Nanning,22.8167,108.3167,290.15,88,90,2.0,CN,1615480351
547,Vaitape,-16.5167,-151.75,300.93,76,53,5.74,PF,1615480352
548,Aksarayskiy,46.7924,48.0119,267.04,42,0,5.0,RU,1615480354
549,Shimoda,34.6667,138.95,281.48,91,94,3.43,JP,1615480355
550,Bako,5.7833,36.5667,296.38,45,44,1.7,ET,1615480357
551,Pingliang,35.5392,106.6861,280.93,26,0,2.24,CN,1615480358
552,Uíge,-7.6087,15.0613,301.15,69,75,5.14,AO,1615480360
553,Connersville,39.6412,-85.1411,290.37,74,100,1.79,US,1615480361
554,Tallahassee,30.4383,-84.2807,297.04,43,20,4.63,US,1615480230
555,Nuevo Progreso,23.1667,-97.95,299.26,75,33,4.92,MX,1615480364
556,Shepetivka,50.1855,27.0637,271.54,59,69,6.31,UA,1615480366
557,Lorengau,-2.0226,147.2712,300.62,69,53,2.65,PG,1615480367
558,Grand Gaube,-20.0064,57.6608,299.82,73,0,3.13,MU,1615480368
559,Nsanje,-16.92,35.262,298.11,91,22,1.6,MW,1615480370
560,Saurimo,-9.6608,20.3916,307.15,40,40,1.56,AO,1615480371
561,Moranbah,-22.0016,148.0466,295.41,84,0,5.58,AU,1615480373
562,Knokke-Heist,51.3333,3.3333,283.71,76,20,15.95,BE,1615480374
563,Léo,11.1,-2.1,309.3,20,58,1.93,BF,1615480376
564,Petropavl,54.8753,69.1628,260.05,92,100,7.63,KZ,1615480377
565,Andros,37.8333,24.9333,283.15,65,95,9.39,GR,1615480379
566,Terrace,54.5163,-128.6035,272.15,80,90,1.03,CA,1615480205
567,Holetown,13.1867,-59.6381,302.15,58,75,11.32,BB,1615480381
